{
  "header": {
    "seq": 0,
    "stamp": {
      "secs": 1563348602,
      "nsecs": 179958100
    },
    "frame_id": "map"
  },
  "pose": {
    "position": {
      "x": -0.14478451415195323,
      "y": 0.33901176815556056,
      "z": 0.0
    },
    "orientation": {
      "x": 0.0,
      "y": 0.0,
      "z": 0.27834936470219823,
      "w": 0.9604798962861654
    }
  }
}